word,2014_freq
network,717
system,473
model,421
algorithm,375
analysis,312
learn,235
graph,227
datum,222
cod,196
wireless,172
channel,171
detection,166
image,157
distribute,150
information,145
application,144
design,137
control,136
performance,134
social,129
dynamic,128
linear,127
efficient,122
optimal,119
communication,115
time,114
process,111
complexity,108
optimization,107
power,107
energy,107
program,106
compute,104
estimation,102
framework,101
study,93
random,92
cluster,92
fast,91
language,91
sensor,90
method,89
matrix,89
online,87
mobile,86
software,86
bound,85
structure,85
multiple,84
user,84
set,84
recognition,83
game,83
logic,82
tree,79
search,79
cloud,79
toward,78
semantic,76
interference,76
feature,75
improve,74
function,72
technique,71
adaptive,71
evaluation,70
selection,70
web,69
scheme,69
pattern,69
sparse,68
sense,68
test,68
robust,67
neural,66
relay,66
sample,65
constraint,65
approximate,65
protocol,65
space,64
problem,64
allocation,64
large,63
access,63
representation,62
classification,62
match,62
two,62
signal,61
machine,61
cellular,61
management,60
radio,60
strategy,59
cognitive,59
schedule,59
prediction,58
parallel,58
measure,57
theory,57
probabilistic,56
approximation,56
distribution,55
source,55
architecture,55
object,54
generalize,54
security,54
state,53
deep,52
capacity,52
survey,52
novel,51
distance,51
case,51
weight,50
service,50
rout,50
extend,50
sequence,49
finite,49
polynomial,48
local,47
spatial,46
stream,46
high,46
rank,46
limit,46
environment,46
automaton,45
computational,45
complex,45
computation,45
effect,44
behavior,44
resource,44
filter,44
query,44
property,44
quality,43
video,43
feedback,43
heterogeneous,43
and,43
hybrid,43
joint,42
binary,42
digital,41
fuzzy,41
retrieval,41
tool,40
secure,40
general,40
color,39
review,39
number,39
memory,39
development,39
kernel,38
quantum,38
verification,38
statistical,38
track,38
massive,38
grid,38
domain,38
cooperative,38
plan,38
compress,37
component,37
attack,37
approach,37
optimize,37
path,37
map,36
smart,36
minimum,36
automatic,36
enhance,36
robot,36
transfer,36
solve,36
solution,36
vector,35
text,35
share,35
mine,35
index,35
thousand,35
decomposition,35
support,35
mechanism,34
agent,34
convex,34
lower,34
bind,34
knowledge,34
word,34
reduction,34
entropy,34
rate,34
natural,34
construction,34
simulation,34
impact,34
temporal,34
noise,33
privacy,33
broadcast,33
implementation,33
transmission,33
cost,33
key,33
spectrum,33
group,32
nonlinear,32
embed,32
reason,32
decode,32
message,32
challenge,32
research,32
version,32
identification,32
human,31
find,31
class,31
database,31
interaction,31
efficiency,31
fade,31
generation,31
media,31
spectral,30
theorem,30
use,30
technology,30
multiuser,30
content,30
field,30
frequency,30
without,30
error,30
synthesis,29
simple,29
point,29
maximum,29
cell,29
segmentation,29
region,29
project,29
alignment,29
hierarchical,29
scale,28
traffic,28
rule,28
partial,28
workshop,27
equilibrium,27
order,27
probability,27
hundred,27
active,27
collaborative,27
decision,27
block,27
variable,27
small,26
task,26
inference,26
comparison,26
exact,26
big,26
minimization,26
chain,26
continuous,26
result,26
community,26
label,26
formal,26
equation,26
throughput,26
part,25
computer,25
report,25
tradeoff,25
compression,25
regression,25
proceed,25
direct,25
type,25
count,25
recovery,25
single,25
artificial,25
circuit,25
measurement,25
detect,25
degree,24
strong,24
stability,24
load,24
check,24
diagram,24
discovery,24
face,24
cover,24
specification,24
antenna,24
base,24
link,24
array,24
phase,24
partition,24
minimal,24
differential,24
layer,23
code,23
evolution,23
parameter,23
virtual,23
analyze,23
storage,23
shape,23
discrete,23
visual,23
one,23
harvest,23
science,23
dimension,23
internet,23
lattice,23
unify,23
characterization,23
proof,23
delay,23
independent,23
twitter,23
flow,23
view,22
understand,22
train,22
price,22
answer,22
three,22
perspective,22
sequential,22
metric,22
regular,22
monitor,22
beyond,22
low,22
value,22
engineer,22
estimate,22
role,22
assignment,22
propagation,22
couple,22
assessment,21
coverage,21
hide,21
integrate,21
reconstruction,21
gradient,21
consensus,21
comparative,21
policy,21
scientific,21
constrain,21
hard,21
interface,21
extraction,21
calculus,21
influence,21
switch,21
genetic,21
automate,21
global,20
requirement,20
motion,20
robotic,20
classifier,20
side,19
change,19
stable,19
exploration,19
uncertainty,19
condition,19
long,19
document,19
abstract,19
relation,19
predict,19
generate,19
level,19
product,19
maximization,19
experiment,19
dictionary,19
modulation,19
localization,19
crowd,19
practical,19
recommendation,19
transformation,18
line,18
size,18
algorithmic,18
interactive,18
controller,18
string,18
way,18
near,18
ad,18
encode,18
open,18
geometry,18
effective,18
action,18
event,18
market,18
tight,18
diffusion,18
ensemble,18
consumption,18
universal,18
latent,18
vehicle,18
demand,18
revisit,18
aggregation,18
integer,18
paradigm,17
technical,17
trajectory,17
hierarchy,17
presence,17
short,17
algebraic,17
note,17
geometric,17
deterministic,17
mac,17
composition,17
operator,17
risk,17
length,17
reduce,17
device,17
integration,17
transform,17
randomize,16
fair,16
failure,16
manifold,16
location,16
reliable,16
guarantee,16
operation,16
correlation,16
competitive,16
symmetric,16
concurrent,16
extension,16
simultaneous,16
belief,16
target,16
future,16
algebra,16
difference,16
ring,16
authentication,16
similarity,16
factor,16
position,16
optical,16
concept,16
secret,16
numerical,16
platform,16
receiver,16
improvement,16
cycle,16
recursive,15
surface,15
outage,15
node,15
exploit,15
completion,15
context,15
packet,15
combine,15
methodology,15
exchange,15
flexible,15
speech,15
trust,15
expression,15
translation,15
international,15
iterative,15
visualization,15
correlate,15
multilevel,15
net,15
square,15
cyclic,15
observation,15
anomaly,15
structural,15
area,15
fault,15
coordinate,15
connectivity,14
heuristic,14
restrict,14
infrastructure,14
law,14
multiplication,14
abstraction,14
boundary,14
vertex,14
arbitrary,14
scenario,14
drive,14
asynchronous,14
association,14
mean,14
aware,14
experience,14
generalization,14
physical,14
vision,14
real,14
functional,14
build,14
ontology,14
aspect,14
bandwidth,14
sort,14
density,14
input,14
auction,14
hardware,14
decentralize,14
queue,14
theoretic,14
comprehensive,14
free,14
enable,14
buffer,14
speed,14
make,14
response,14
activity,14
mathematical,13
double,13
diversity,13
window,13
asymmetric,13
potential,13
intelligence,13
autonomous,13
coordination,13
freedom,13
principle,13
resolution,13
la,13
common,13
alternative,13
dynamical,13
output,13
hypothesis,13
adaptation,13
vehicular,13
pass,13
upper,13
clique,13
balance,13
behavioral,13
evaluate,13
generator,13
empirical,13
provision,13
specific,13
fusion,13
world,13
citation,13
polar,13
loop,13
benchmark,13
pack,13
private,13
solver,13
explore,13
station,13
art,13
center,13
update,13
mobility,13
swarm,13
different,13
standard,13
work,12
apply,12
compact,12
loss,12
blind,12
graphical,12
span,12
predictive,12
complete,12
cooperation,12
first,12
detector,12
modular,12
dimensional,12
neighbor,12
tag,12
description,12
nod,12
cryptography,12
sum,12
agreement,12
multidimensional,12
reversible,12
team,12
identify,12
erasure,12
library,12
projection,12
curve,12
causal,12
light,12
intrusion,12
secrecy,12
convergence,12
evolutionary,12
range,12
element,12
critical,12
paper,12
trend,12
public,12
family,12
bay,12
scene,12
depth,12
collaboration,12
primary,12
sentiment,12
advance,12
particle,12
quantify,12
cancellation,12
biological,12
safety,12
shift,11
cache,11
four,11
move,11
edge,11
go,11
experimental,11
unit,11
interval,11
formulation,11
overview,11
supervise,11
full,11
dense,11
meet,11
rat,11
opportunistic,11
quadratic,11
static,11
average,11
maximal,11
sparsity,11
enhancement,11
music,11
relationship,11
cut,11
weak,11
imperfect,11
transition,11
choice,11
separation,11
indicator,11
priority,11
hop,11
quantitative,11
individual,11
ant,11
colony,11
handle,11
develop,11
home,11
example,11
list,11
trace,11
noisy,11
implement,11
ubiquitous,10
mix,10
linguistic,10
induce,10
overlap,10
navigation,10
annotation,10
form,10
easy,10
sit,10
forest,10
transceiver,10
recurrent,10
competition,10
know,10
protection,10
profile,10
grammar,10
systematic,10
variant,10
attribute,10
unsupervised,10
soft,10
validation,10
protein,10
draw,10
maximize,10
dependency,10
need,10
equivalence,10
wiretap,10
walk,10
synchronization,10
merge,10
classical,10
miss,10
variation,10
conditional,10
intelligent,10
better,10
positive,10
definition,10
total,10
characterize,10
achieve,10
inverse,10
rational,10
compare,10
proportional,10
fix,10
bandit,10
wavelet,10
duality,10
identity,10
formation,10
disk,10
expert,10
forecast,10
truth,9
pose,9
contract,9
formula,9
edit,9
strategic,9
polygon,9
analytical,9
recent,9
limitation,9
interpolation,9
forward,9
selective,9
connection,9
relate,9
divergence,9
entity,9
minimize,9
log,9
travel,9
alphabet,9
phone,9
gate,9
reuse,9
alternate,9
prior,9
remote,9
incomplete,9
category,9
sphere,9
play,9
logical,9
visible,9
symbolic,9
utility,9
spread,9
capability,9
record,9
medical,9
healthcare,9
accelerate,9
body,9
refinement,9
five,9
orbit,9
leverage,9
affect,9
smooth,9
across,9
basis,9
opportunity,9
green,9
perception,9
parametric,9
term,9
audio,9
almost,9
business,9
electric,8
pedestrian,8
consistency,8
constant,8
university,8
among,8
radar,8
secondary,8
expressive,8
road,8
hash,8
bipartite,8
good,8
iterate,8
split,8
histogram,8
exponential,8
various,8
person,8
removal,8
rewrite,8
population,8
google,8
reference,8
accurate,8
literature,8
mesh,8
gain,8
mode,8
corpus,8
prefix,8
table,8
mixture,8
item,8
perfect,8
infinite,8
topic,8
cascade,8
inspire,8
basic,8
satellite,8
regularize,8
decoder,8
procedure,8
ratio,8
health,8
wave,8
ideal,8
introduction,8
guide,8
texture,8
industrial,8
series,8
connect,8
schema,8
combination,8
molecular,8
modern,8
threshold,8
signature,8
greedy,8
relevant,8
tweet,8
overlay,8
fit,8
plane,8
fingerprint,8
water,8
correction,8
permutation,8
uniform,8
delivery,8
closure,8
placement,8
evidence,8
transaction,8
arithmetic,8
modal,8
layout,8
discrepancy,8
conjecture,8
latency,8
normal,8
lithography,8
replication,8
hand,7
reinforcement,7
pair,7
gather,7
material,7
engine,7
restoration,7
little,7
conflict,7
categorization,7
attention,7
oscillator,7
preference,7
regret,7
drug,7
decide,7
sentence,7
increase,7
urban,7
interpretation,7
practice,7
determine,7
relational,7
eight,7
mitigation,7
offline,7
character,7
score,7
regularization,7
mutual,7
revenue,7
fourteen,7
architectural,7
simulator,7
suffix,7
budget,7
resilience,7
configuration,7
dependent,7
verify,7
java,7
scholar,7
primitive,7
boost,7
represent,7
capture,7
zero,7
electronic,7
second,7
charge,7
safe,7
subset,7
education,7
usage,7
investigation,7
repeat,7
matter,7
geographic,7
augment,7
gap,7
predictable,7
dual,7
tile,7
relative,7
relaxation,7
inequality,7
country,7
uncertain,7
bite,7
defect,7
expansion,7
construct,7
synthetic,7
operational,7
encryption,7
publication,7
job,7
versus,7
successive,7
qualitative,7
name,7
processor,7
fundamental,7
like,7
scatter,7
incremental,7
select,7
collective,7
unknown,7
patch,7
orient,7
discover,7
assist,7
camera,6
round,6
introduce,6
tier,6
deformation,6
slide,6
propositional,6
friendly,6
consistent,6
band,6
batch,6
pursuit,6
principal,6
congestion,6
economic,6
miso,6
contour,6
summation,6
popularity,6
pour,6
redundancy,6
lazy,6
provide,6
proximity,6
evolve,6
parse,6
tolerance,6
multitask,6
malicious,6
characteristic,6
sound,6
sign,6
consider,6
intersection,6
underlay,6
centrality,6
tune,6
jam,6
school,6
student,6
aerial,6
salesman,6
applicable,6
gesture,6
cancer,6
generative,6
license,6
brain,6
rapid,6
norm,6
higher,6
realization,6
harmonic,6
thing,6
teach,6
biomedical,6
personal,6
multimedia,6
implication,6
city,6
organization,6
transmit,6
many,6
expect,6
achievable,6
server,6
criterion,6
reaction,6
inner,6
tractable,6
module,6
eleven,6
descent,6
interact,6
vote,6
generic,6
circular,6
encrypt,6
implicit,6
animation,6
peer,6
run,6
give,6
explicit,6
additive,6
explain,6
spike,6
via,6
nine,6
fractal,6
defense,6
quick,6
cross,6
handwritten,6
six,6
acoustic,6
player,6
life,6
theoretical,6
clock,6
consumer,6
surveillance,6
parity,6
calibration,6
hole,6
issue,6
epidemic,6
toolkit,6
adoption,6
summary,6
refine,6
exponent,6
electricity,6
directional,6
core,6
academic,6
rendezvous,6
precision,6
triple,6
contextual,6
extreme,6
repair,6
propose,6
coalition,6
threat,6
progress,6
modify,6
foundation,6
complement,5
diameter,5
instance,5
preserve,5
close,5
marriage,5
lift,5
false,5
separate,5
course,5
microscopy,5
deployment,5
still,5
shallow,5
industry,5
transmitter,5
horn,5
question,5
hull,5
flat,5
domination,5
people,5
decouple,5
chase,5
moment,5
educational,5
read,5
confidence,5
simplify,5
vocabulary,5
reputation,5
logistic,5
congest,5
normalization,5
necessary,5
temperature,5
aggregate,5
prologue,5
formalization,5
explanation,5
impulse,5
feasible,5
multiplayer,5
define,5
provable,5
nest,5
induction,5
within,5
likelihood,5
slot,5
trade,5
locality,5
execution,5
manipulation,5
write,5
objective,5
sufficient,5
derivation,5
age,5
importance,5
unreliable,5
branch,5
confidential,5
geodesic,5
display,5
toolbox,5
eighty,5
well,5
interest,5
discrimination,5
assembly,5
election,5
reservoir,5
microwave,5
regime,5
arc,5
frame,5
nuclear,5
physics,5
oil,5
welfare,5
adder,5
reality,5
bend,5
effort,5
infer,5
current,5
argumentation,5
neuron,5
polarization,5
bidirectional,5
android,5
membership,5
humanoid,5
quantification,5
ecosystem,5
computable,5
automation,5
rough,5
apple,5
automotive,5
institution,5
constructive,5
covert,5
page,5
accuracy,5
anneal,5
optimum,5
early,5
distortion,5
indoor,5
multilingual,5
opinion,5
acceptance,5
align,5
assess,5
pool,5
frequent,5
recommend,5
end,5
possibility,5
collection,5
learner,5
overhead,5
collision,5
seek,5
guideline,5
extract,5
focus,5
elimination,5
air,5
integrity,5
comment,5
periodic,5
clone,5
illumination,5
thirteen,5
prove,5
lambda,5
bilingual,5
dominate,5
jump,5
revision,5
heat,5
protect,4
maintenance,4
step,4
worker,4
picture,4
satisfy,4
compiler,4
compatible,4
transducer,4
solar,4
macro,4
clause,4
movement,4
crisis,4
wiener,4
variance,4
personalize,4
mask,4
call,4
auxiliary,4
fisher,4
censorship,4
bias,4
regulation,4
handover,4
dissemination,4
singular,4
corrupt,4
reverse,4
food,4
gaze,4
watermark,4
statistic,4
treat,4
negative,4
oracle,4
glass,4
max,4
artifact,4
symmetry,4
regenerate,4
innovative,4
causality,4
suppression,4
certify,4
request,4
facility,4
stereo,4
win,4
suite,4
right,4
recognize,4
selfish,4
dominant,4
stage,4
surrogate,4
cuckoo,4
bridge,4
isolate,4
bin,4
logarithmic,4
plant,4
incorporate,4
coherence,4
tomography,4
lexicon,4
push,4
leader,4
party,4
solid,4
spin,4
place,4
package,4
governance,4
publish,4
history,4
manage,4
incentive,4
registration,4
utilize,4
orientation,4
segment,4
pseudo,4
transitive,4
clonal,4
save,4
graphic,4
sketch,4
validity,4
vulnerability,4
avoid,4
rectangle,4
neighborhood,4
parallelism,4
patent,4
session,4
nonuniform,4
flight,4
owl,4
sensitivity,4
railway,4
self,4
amplifier,4
compensation,4
geometrical,4
composite,4
investigate,4
tolerant,4
holistic,4
vary,4
driver,4
reactive,4
airborne,4
wall,4
specify,4
persistent,4
store,4
look,4
wide,4
force,4
separable,4
scientist,4
lightweight,4
bitcoin,4
verifiable,4
observer,4
password,4
fractional,4
anonymous,4
adversary,4
electron,4
spanner,4
certification,4
interconnect,4
spam,4
malware,4
transient,4
fold,4
inductive,4
dilemma,4
year,4
relevance,4
triangle,4
suitable,4
millimeter,4
pure,4
determinant,4
disaster,4
beam,4
address,4
gypsy,4
special,4
euclidean,4
style,4
portal,4
translate,4
conceptual,4
household,4
gait,4
visualize,4
anatomy,4
overcome,4
receive,4
simulate,4
advice,4
cylindrical,4
advantage,4
coefficient,4
ton,4
direction,4
correct,4
available,4
template,4
synergy,4
idea,4
prune,4
termination,4
preferential,4
bee,4
attachment,4
monotone,4
stretch,4
bit,4
provenance,4
probable,4
grade,4
sponsor,4
circle,4
transport,4
forbid,4
cultural,4
disease,4
print,4
associative,4
chromatic,4
medium,4
central,4
spell,4
isolation,4
popular,4
cortical,4
production,4
iteration,4
turbo,4
creation,4
enumeration,4
id,4
division,4
detail,4
cardiac,4
unification,4
stem,4
gene,4
marketplace,4
avoidance,4
motif,4
initial,4
satisfaction,4
analog,4
currency,4
counter,4
break,4
representative,4
estimator,4
terminal,4
distinguish,3
invert,3
egocentric,3
commitment,3
usable,3
canonical,3
succinct,3
recover,3
buyer,3
countermeasure,3
wild,3
beat,3
onto,3
substrate,3
coexistence,3
lexical,3
reset,3
bond,3
markup,3
conjugate,3
heart,3
assurance,3
specialization,3
synchronous,3
polyhedral,3
predicate,3
insight,3
proposal,3
par,3
viral,3
root,3
null,3
preliminary,3
slack,3
resistance,3
flower,3
justification,3
mission,3
emergent,3
passive,3
fragmentation,3
whole,3
categorical,3
vertical,3
stein,3
possible,3
syntactic,3
rethink,3
smartphone,3
laboratory,3
leaf,3
fifteen,3
micro,3
contact,3
pendulum,3
remove,3
payment,3
workload,3
compound,3
anchor,3
floor,3
router,3
integral,3
sell,3
helical,3
broad,3
interleave,3
traditional,3
white,3
equality,3
compilation,3
bipedal,3
mechanic,3
martingale,3
enforce,3
hybridization,3
article,3
converse,3
perceptual,3
archive,3
phonetic,3
paradox,3
facial,3
ram,3
microblog,3
observe,3
suicide,3
tournament,3
journal,3
get,3
assistant,3
storm,3
skill,3
chordal,3
adversarial,3
pervasive,3
acquisition,3
child,3
locomotion,3
agile,3
benefit,3
hereditary,3
carbon,3
transistor,3
underwater,3
synchronize,3
stack,3
imbalance,3
multiprocessor,3
peak,3
constellation,3
describe,3
equivalent,3
scope,3
obtain,3
consequence,3
convolution,3
landmark,3
strict,3
site,3
aloha,3
concentration,3
offload,3
significant,3
unman,3
silicon,3
plat,3
bank,3
mechanical,3
imagery,3
creativity,3
python,3
analyzer,3
verb,3
universe,3
mind,3
degrade,3
twenty,3
success,3
unbalance,3
reproducible,3
viewpoint,3
contribution,3
testable,3
china,3
collaborate,3
quasi,3
recall,3
emotion,3
prototype,3
flash,3
em,3
reproduce,3
discussion,3
spoof,3
median,3
league,3
realize,3
realistic,3
beauty,3
conversation,3
ham,3
fountain,3
oblivious,3
pilot,3
behind,3
irreversible,3
translucent,3
final,3
philosophy,3
repository,3
patient,3
best,3
avionic,3
attitude,3
asymmetry,3
classic,3
facilitate,3
microphone,3
fraud,3
divider,3
happy,3
procedural,3
create,3
unique,3
progressive,3
blog,3
external,3
cubic,3
ordinary,3
electrical,3
car,3
adverse,3
thin,3
velocity,3
repairable,3
arrangement,3
tactical,3
together,3
landscape,3
keyword,3
girth,3
front,3
polymorphic,3
stationary,3
concern,3
contention,3
care,3
ray,3
alloy,3
multiplier,3
statement,3
indirect,3
feed,3
motor,3
innovation,3
intensity,3
confluence,3
multistage,3
internal,3
cold,3
website,3
help,3
en,3
dag,3
see,3
contrast,3
amortize,3
prospect,3
follower,3
mike,3
normalize,3
unlabeled,3
incident,3
tangle,3
outcome,3
pi,3
brief,3
multiplicity,3
actor,3
dispersion,3
transparency,3
conference,3
aircraft,3
sleep,3
lifetime,3
centralize,3
deduction,3
tail,3
notion,3
symbol,3
fatigue,3
digraph,3
superposition,3
union,3
kinematic,3
gossip,3
heap,3
classify,3
emergency,3
back,3
tableau,3
lung,3
bid,3
backtrack,3
restriction,3
perform,3
geographical,3
enough,3
multiplex,3
prisoner,3
take,3
less,3
finger,3
voltage,3
personality,3
bottleneck,3
occlusion,3
era,3
derivative,3
figure,3
crack,3
promise,3
tutorial,3
reward,3
impossibility,3
route,3
slice,3
customer,3
provider,3
diagnosis,3
remark,3
card,3
taxonomy,3
plagiarism,3
forget,3
release,3
muscle,3
manufacture,3
fracture,3
screen,2
aid,2
organizational,2
pivot,2
clear,2
reception,2
untangle,2
quota,2
baker,2
unless,2
repetitive,2
dichotomy,2
interpreter,2
undergraduate,2
correspondence,2
foreground,2
row,2
panel,2
concrete,2
accumulation,2
entailment,2
steerable,2
braid,2
empty,2
anarchy,2
settle,2
translator,2
instruction,2
national,2
communicate,2
laser,2
advancement,2
throat,2
certain,2
annotate,2
flip,2
classroom,2
tangible,2
exemplar,2
portfolio,2
background,2
damp,2
defeat,2
crowdfund,2
lesson,2
sink,2
sic,2
synonym,2
intrinsic,2
declarative,2
scad,2
municipal,2
supply,2
next,2
browser,2
wallet,2
coffee,2
crop,2
goal,2
prioritization,2
cognition,2
indefinite,2
wearable,2
cause,2
sensitive,2
grasp,2
legal,2
speculative,2
synapse,2
numeric,2
enforcement,2
uniformity,2
membrane,2
admission,2
indeterminate,2
prognosis,2
rest,2
analogy,2
ask,2
collect,2
revise,2
combat,2
register,2
grow,2
continuity,2
snapshot,2
bar,2
friendship,2
affective,2
silent,2
transitivity,2
ability,2
retinal,2
great,2
suicidal,2
chemical,2
pathway,2
intuitive,2
entry,2
absolute,2
thread,2
disjoint,2
tie,2
pull,2
rumor,2
insertion,2
port,2
come,2
relax,2
perturbation,2
deviation,2
publisher,2
choose,2
approval,2
slam,2
app,2
baby,2
chord,2
zone,2
wrong,2
diverse,2
radius,2
residual,2
authorship,2
deal,2
replica,2
manual,2
section,2
biology,2
late,2
fill,2
leg,2
instrument,2
wisdom,2
unusual,2
ambient,2
footprint,2
abnormal,2
axiomatic,2
tabular,2
infection,2
beta,2
drift,2
multiply,2
conjunctive,2
primer,2
scarcity,2
subtraction,2
speaker,2
synaptic,2
redundant,2
lethal,2
indicate,2
variety,2
follow,2
regularity,2
anomalous,2
diffuse,2
dependence,2
arrival,2
pin,2
motivate,2
nature,2
crossover,2
distant,2
sustainable,2
submission,2
laminate,2
shear,2
retweet,2
conversion,2
reform,2
diagonal,2
profit,2
inside,2
morphological,2
elicitation,2
myopic,2
wind,2
cool,2
irrelevant,2
triangular,2
inconsistency,2
firewall,2
saturation,2
torque,2
thermal,2
hyperbolic,2
decidable,2
book,2
formalism,2
prevent,2
transportation,2
top,2
triad,2
dirty,2
fraction,2
fiber,2
utilization,2
encoder,2
rigid,2
guard,2
drop,2
complementary,2
author,2
width,2
reconstruct,2
forensic,2
radial,2
sis,2
infant,2
faulty,2
patrol,2
burst,2
ternary,2
majority,2
aesthetic,2
judgment,2
triangulation,2
multiparty,2
reconciliation,2
marginal,2
sport,2
reciprocal,2
conjunction,2
destination,2
countable,2
diamond,2
stencil,2
commutative,2
south,2
head,2
prevention,2
super,2
binomial,2
phi,2
steer,2
organize,2
prioritize,2
salient,2
broadband,2
scan,2
money,2
definite,2
subsidization,2
backup,2
marginalize,2
plug,2
remainder,2
navigator,2
cipher,2
unbounded,2
reducible,2
outsource,2
portable,2
option,2
lip,2
bypass,2
tame,2
citizen,2
narrative,2
versatile,2
land,2
inertial,2
descriptive,2
intermittent,2
curse,2
rechargeable,2
accessible,2
script,2
odd,2
homeostasis,2
worm,2
customization,2
handbook,2
reveal,2
backbone,2
tale,2
shadow,2
debug,2
shortcut,2
handheld,2
analytic,2
inaccurate,2
summarize,2
delta,2
extendible,2
simplification,2
manifesto,2
conversational,2
narrow,2
may,2
sheaf,2
interplay,2
crime,2
account,2
penetration,2
client,2
include,2
deploy,2
meter,2
board,2
heavy,2
ten,2
lock,2
serve,2
efficacy,2
start,2
emergence,2
trellis,2
mitigate,2
story,2
involve,2
proper,2
bootstrap,2
scheduler,2
formalize,2
saddle,2
valuation,2
speak,2
loud,2
friend,2
extensive,2
precondition,2
race,2
unstable,2
residential,2
productivity,2
documentation,2
preemption,2
distributive,2
cooperate,2
clean,2
technological,2
enumerator,2
unconstrained,2
sift,2
metadata,2
suffice,2
evasion,2
blend,2
predictor,2
independence,2
slab,2
guess,2
warp,2
contagion,2
coherent,2
pyramid,2
bag,2
zeta,2
derive,2
want,2
society,2
visualizer,2
prime,2
authority,2
affinity,2
ignore,2
residue,2
lymph,2
stabilizer,2
navigate,2
fish,2
terrain,2
uncover,2
physiological,2
telephone,2
frontier,2
anonymity,2
paint,2
act,2
novelty,2
talk,2
we,2
conventional,2
dental,2
strengthen,2
modulator,2
wildcard,2
frugal,2
yelp,2
establish,2
etude,2
dun,2
setting,2
workforce,2
enumerate,2
employ,2
researcher,2
examine,2
mouse,2
gender,2
meteorological,2
practitioner,2
specter,2
smite,2
strength,2
file,2
important,2
crossroad,2
replace,2
numeral,2
dark,2
bundle,2
reed,2
interior,2
font,2
disagreement,2
tour,2
reactor,2
determination,2
resilient,2
criminal,2
philosophical,2
comparable,2
convexity,2
street,2
contradictory,2
diversify,2
delineation,2
twelfth,2
potato,2
modification,2
even,2
stabilize,2
container,2
reconfigure,2
enterprise,2
authenticate,2
nonstandard,2
ventricular,2
miner,2
oscillation,2
transformer,2
rescue,2
valley,2
negation,2
helper,2
faithful,2
species,2
addition,2
admissible,2
elder,2
eye,2
chip,2
mental,2
rotation,2
biometric,2
jumble,2
knapsack,2
rip,2
hotspot,2
dependable,2
dialectical,2
legacy,2
appliance,2
seed,2
assumption,2
third,2
angle,2
naive,2
harness,2
calculation,2
deteriorate,2
email,2
wavelength,2
asp,2
logarithm,2
member,2
existential,2
lack,2
nonfunctional,2
thought,2
emotional,2
significance,2
playback,2
aquarium,2
existence,2
conquer,2
transparent,2
firefly,2
away,2
cheap,2
ball,2
examination,2
past,2
holocaust,2
unrelated,2
subgroup,2
extractor,2
ontological,2
entanglement,2
invasive,2
checker,2
programmer,2
epic,2
programmable,2
shrinkage,2
containment,2
return,2
join,2
expectation,2
bargain,2
substitution,2
drink,2
reallocation,2
promoter,2
sight,2
slave,2
gray,2
tank,2
subscription,2
gateway,2
homogeneous,2
yet,2
tracker,2
receptive,2
gamble,2
elliptic,2
outer,2
polyphonic,2
midi,2
inform,2
credible,2
accident,2
literary,2
plate,2
fuzz,2
meaning,2
volume,2
contraction,2
serial,2
localize,2
supervision,2
replacement,2
postman,2
consolidate,2
recoverable,2
participatory,2
click,2
unambiguous,2
stock,2
axiom,2
leave,2
elliptical,2
clinical,2
din,2
cryptographer,2
clip,2
emerge,2
alone,2
rich,2
interdiction,2
horizon,2
culture,2
modulate,2
half,2
spontaneous,2
star,2
polygonal,2
historical,2
exploitation,2
maniac,2
per,2
uncoordinated,2
kick,2
black,2
collagen,1
confirm,1
preset,1
bi,1
mainline,1
inspection,1
roommate,1
incomparable,1
quadrant,1
redistribute,1
adapter,1
discount,1
vacuum,1
cleaner,1
damage,1
irradiate,1
confound,1
upstream,1
petroleum,1
prescribe,1
inseparable,1
revolutionary,1
attempt,1
bifurcate,1
fetal,1
synthesize,1
cellphone,1
keypad,1
serious,1
lady,1
lexicographic,1
inquiry,1
temp,1
reel,1
scanner,1
proposition,1
stuff,1
ceramic,1
fragment,1
lisp,1
barcode,1
advertise,1
textural,1
mass,1
abnormality,1
occlude,1
scalar,1
radical,1
engagement,1
genus,1
merger,1
let,1
bloom,1
fool,1
unrecognizable,1
comic,1
crossfire,1
myth,1
earth,1
escape,1
astronomy,1
outreach,1
campaign,1
nonverbal,1
notification,1
dwell,1
unnecessary,1
amebic,1
hotbox,1
vie,1
prominence,1
tricky,1
eclipse,1
pocket,1
perturb,1
correspond,1
preservation,1
frictional,1
far,1
pal,1
rediscover,1
innate,1
homonym,1
poverty,1
consist,1
multipurpose,1
mammography,1
streamline,1
telescope,1
ultrasound,1
cheat,1
radiologist,1
conception,1
lecture,1
periphery,1
district,1
connector,1
responsibility,1
blame,1
rationality,1
tumor,1
bilateral,1
phishing,1
audiovisual,1
bring,1
fact,1
prophet,1
capacitor,1
pulse,1
spherical,1
resultant,1
conclusion,1
candidate,1
obnoxious,1
confusion,1
appropriate,1
causation,1
warehouse,1
arbitration,1
much,1
anterior,1
ligament,1
turtle,1
elephant,1
burden,1
aversion,1
harm,1
futile,1
salt,1
shoulder,1
giant,1
old,1
curvature,1
linearity,1
exposure,1
reassignment,1
ground,1
circumscription,1
serendipity,1
alter,1
timely,1
several,1
meme,1
financial,1
improvisation,1
annoy,1
syndrome,1
psychological,1
convert,1
parliament,1
permission,1
cur,1
metaphor,1
observable,1
imputation,1
elect,1
pipeline,1
ethnicity,1
depend,1
else,1
subtlety,1
fricative,1
shooter,1
anytime,1
ethical,1
enemy,1
equipment,1
concentric,1
electrocardiography,1
mother,1
lifelong,1
transpose,1
amplify,1
fresh,1
hall,1
transcription,1
standardize,1
revitalize,1
flywheel,1
jerky,1
due,1
freeze,1
firearm,1
transferable,1
outdated,1
cactus,1
intrigue,1
actuality,1
droplet,1
measurable,1
never,1
void,1
excellence,1
departmental,1
fluctuation,1
kindergarten,1
nanometer,1
parallax,1
impatience,1
spider,1
endogenous,1
foreign,1
trap,1
notable,1
fire,1
weather,1
infrequent,1
morphology,1
hit,1
rectangular,1
sculpt,1
coat,1
universality,1
horseshoe,1
chaos,1
quantity,1
reflexive,1
grace,1
seismic,1
injection,1
chance,1
holey,1
turn,1
afferent,1
synergistic,1
ethic,1
weapon,1
trail,1
contemporary,1
thesis,1
crucial,1
thermostatic,1
actuation,1
metamorphosis,1
occupancy,1
interactivity,1
infestation,1
misinformation,1
recycle,1
censor,1
cortex,1
forgery,1
coarse,1
grain,1
warranty,1
correlative,1
helicopter,1
ameba,1
exhaustive,1
falsify,1
disjunction,1
suspension,1
nucleus,1
expensive,1
displacement,1
distress,1
announcement,1
stabilization,1
reachable,1
fabrication,1
installation,1
piggy,1
surplus,1
glider,1
concert,1
monocular,1
temper,1
skyline,1
photographic,1
terminate,1
bible,1
noun,1
adjective,1
subjectivity,1
timeout,1
fabric,1
privilege,1
digit,1
museum,1
terrorism,1
turbine,1
unreasonable,1
reader,1
differ,1
archetypal,1
billion,1
bear,1
equal,1
orange,1
docker,1
ventilation,1
contaminate,1
abbreviation,1
bacterium,1
adult,1
autism,1
monopoly,1
nanotechnology,1
preparation,1
handler,1
encore,1
thickness,1
normality,1
professional,1
alumnus,1
repetition,1
mnemonic,1
depletion,1
twelve,1
repeatable,1
erase,1
accelerator,1
astrophysicist,1
defend,1
tor,1
bacterial,1
cable,1
reject,1
thorough,1
master,1
fat,1
glad,1
iris,1
crossbar,1
contrastive,1
calm,1
hospital,1
championship,1
rise,1
triangulate,1
converge,1
bad,1
unbeatable,1
connective,1
establishment,1
electoral,1
irreducible,1
concavity,1
seventeen,1
nineteen,1
sub,1
manifest,1
button,1
tutor,1
henchman,1
mandate,1
inaccuracy,1
political,1
payload,1
poster,1
disarm,1
medicine,1
exploratory,1
respect,1
canal,1
virus,1
geography,1
major,1
exhibition,1
exclusive,1
abrupt,1
skin,1
phenotype,1
forage,1
spot,1
suspicious,1
platoon,1
weld,1
excitement,1
itinerary,1
show,1
summit,1
hamburger,1
computerize,1
frost,1
coauthor,1
career,1
halt,1
destroy,1
echo,1
neuronal,1
calcium,1
diet,1
soccer,1
enjoy,1
interim,1
die,1
noninterference,1
anticipatory,1
disambiguate,1
sure,1
facet,1
dock,1
highway,1
equitable,1
corona,1
tau,1
aspirin,1
parasitic,1
advertisement,1
volatility,1
underlie,1
enabler,1
impediment,1
rare,1
prescription,1
pediatric,1
survival,1
tertiary,1
supervisory,1
axis,1
box,1
intersession,1
electrification,1
fleet,1
vein,1
civil,1
day,1
gross,1
churn,1
rugged,1
compose,1
barker,1
ascent,1
retention,1
socialization,1
stag,1
bib,1
homogeneity,1
mismatch,1
exercise,1
prolong,1
math,1
molly,1
instrumentation,1
pay,1
honeypot,1
disclosure,1
elementary,1
subsystem,1
intensive,1
margin,1
gen,1
spacecraft,1
interrupt,1
trustworthy,1
unfold,1
inspiration,1
fifth,1
apportionment,1
timetable,1
individuate,1
freestanding,1
hyper,1
innocent,1
innocence,1
upon,1
demographic,1
sale,1
extra,1
mutation,1
tether,1
kit,1
pump,1
presentation,1
purification,1
continuation,1
distinction,1
recruit,1
talent,1
noncompetitive,1
polysemy,1
dollop,1
wise,1
curtail,1
piece,1
discontinuous,1
constituent,1
coalesce,1
editor,1
calculate,1
man,1
babble,1
zoom,1
spheroidal,1
genesis,1
war,1
continue,1
distrust,1
tragic,1
incentivize,1
consideration,1
commodity,1
entertainment,1
roundabout,1
offensive,1
restart,1
snow,1
thaw,1
boot,1
pollution,1
indistinguishable,1
spheroid,1
tremble,1
intranet,1
company,1
lime,1
lineage,1
supercomputer,1
needle,1
haystack,1
command,1
deny,1
rift,1
headset,1
maternal,1
substitute,1
tilde,1
throttle,1
feel,1
lighthouse,1
nothing,1
sol,1
savage,1
astronomical,1
phantom,1
purchase,1
feeder,1
breadth,1
deliberative,1
conspiracy,1
ingestion,1
limb,1
mention,1
grassroots,1
microcircuit,1
phenomenon,1
herd,1
fuse,1
movie,1
essay,1
holiday,1
ordinal,1
cognate,1
quotient,1
paragraph,1
disconnect,1
would,1
unlicensed,1
clutter,1
infrared,1
developer,1
validate,1
inactivation,1
noble,1
wait,1
deviant,1
divisor,1
leach,1
improvise,1
percentile,1
assert,1
spinal,1
cord,1
predecessor,1
conserve,1
oscillate,1
last,1
wire,1
artistic,1
actuator,1
assistance,1
introductory,1
permissive,1
likely,1
stop,1
flame,1
genuine,1
sprinkler,1
strip,1
golden,1
shiner,1
commercial,1
true,1
undetected,1
stay,1
saga,1
bus,1
oligarchy,1
iron,1
dominance,1
rhesus,1
macaque,1
brawny,1
chart,1
contamination,1
van,1
longitudinal,1
undependable,1
governmental,1
growth,1
north,1
attendance,1
presidential,1
host,1
stealthy,1
inaudible,1
choreographic,1
quiet,1
inversion,1
expand,1
legible,1
trivial,1
doll,1
ownership,1
restructure,1
smell,1
wand,1
ore,1
irregularity,1
cad,1
dumb,1
unexploited,1
shower,1
insensitive,1
ultimate,1
mirror,1
cop,1
robber,1
advise,1
decompose,1
associate,1
dissection,1
puzzle,1
elasticity,1
readability,1
reassessment,1
wan,1
obstruction,1
uncontrolled,1
cite,1
imperative,1
hajj,1
chromatin,1
genotype,1
integrative,1
stratification,1
unmet,1
turnstile,1
harden,1
rectifier,1
lee,1
decay,1
electromagnetism,1
refreshment,1
academia,1
sonic,1
orchestra,1
factory,1
machinery,1
oscillatory,1
cure,1
microscope,1
minority,1
stroke,1
unavailable,1
lode,1
humanity,1
ambiguous,1
pic,1
desktop,1
supermarket,1
constitution,1
fir,1
song,1
disjunctive,1
copula,1
week,1
bang,1
buck,1
altruism,1
seller,1
taxi,1
jazz,1
plurality,1
mark,1
compete,1
realism,1
calligraphy,1
agnostic,1
finito,1
revolution,1
rigorous,1
warmup,1
contextualize,1
attain,1
binocular,1
augmentative,1
western,1
compartmentalization,1
entire,1
cud,1
federation,1
sea,1
drown,1
believe,1
everything,1
hear,1
discard,1
deletion,1
rhythm,1
inefficient,1
phrase,1
rotor,1
microscopic,1
fame,1
tagger,1
add,1
invest,1
duplicate,1
acoustical,1
intent,1
pronunciation,1
coloration,1
voice,1
peel,1
pathological,1
linkage,1
pet,1
trilateral,1
symbolical,1
demonstrate,1
determinism,1
tandem,1
counterintuitive,1
chaotic,1
malfunction,1
conservative,1
retail,1
agglomeration,1
exceed,1
ninety,1
eleventh,1
inherent,1
lane,1
headway,1
surpass,1
sky,1
booster,1
sedan,1
mechanization,1
dagger,1
remodel,1
initiation,1
fibrillation,1
expose,1
governor,1
subject,1
conformity,1
empowerment,1
motivation,1
eccentricity,1
magnification,1
contest,1
counterattack,1
divergent,1
credit,1
verbalize,1
passage,1
highlight,1
swamp,1
anticipate,1
slime,1
mold,1
autonomic,1
menu,1
hype,1
informal,1
comprehension,1
bore,1
chemistry,1
paradoxical,1
piggybank,1
violation,1
distill,1
appearance,1
hog,1
vocal,1
vitalize,1
neutral,1
glitch,1
orchid,1
forty,1
antivirus,1
amorphous,1
hitchhiker,1
tactic,1
mathematics,1
pupil,1
bird,1
syntax,1
subsidy,1
phonological,1
seizure,1
protector,1
consciousness,1
truncate,1
tropical,1
red,1
elm,1
deception,1
ramp,1
seal,1
genome,1
inconsistent,1
decrease,1
metal,1
browse,1
supposed,1
coal,1
clausal,1
coco,1
dovetail,1
fatal,1
bidder,1
border,1
exchangeable,1
diabetes,1
film,1
defer,1
offset,1
attribution,1
crux,1
fantastic,1
crawler,1
regulator,1
default,1
ready,1
cornucopia,1
unguarded,1
resumption,1
confinement,1
zonal,1
unequal,1
windshield,1
catalyst,1
argument,1
fidelity,1
rapture,1
wish,1
draft,1
envelopment,1
ultrahigh,1
persuasive,1
kind,1
atom,1
fibrous,1
filtration,1
overload,1
override,1
aquaculture,1
gist,1
reflect,1
remedy,1
stereoscopic,1
bio,1
inertia,1
controversy,1
shock,1
mostly,1
sunny,1
tomorrow,1
compliant,1
similar,1
ornamental,1
delegation,1
revocation,1
benevolent,1
promote,1
divide,1
debate,1
cartoon,1
lemur,1
landau,1
federate,1
jumper,1
keep,1
disruptive,1
halve,1
retrial,1
swat,1
chili,1
pepper,1
para,1
merit,1
abduction,1
sixty,1
articulate,1
flatten,1
chronic,1
achievement,1
television,1
dirt,1
liven,1
eve,1
impose,1
previous,1
disparate,1
obstruct,1
collide,1
overspread,1
diagnostic,1
mend,1
introspection,1
fluid,1
catalytic,1
quantifiable,1
imitation,1
fare,1
transit,1
incompatibility,1
flavor,1
amount,1
emulate,1
permanent,1
skeleton,1
topography,1
tenth,1
scratch,1
occur,1
compensate,1
locate,1
hmm,1
bipolar,1
venture,1
bisection,1
sweep,1
cleanse,1
fiction,1
sporadic,1
instant,1
domestic,1
wear,1
throw,1
lot,1
egg,1
basket,1
quadruple,1
recolor,1
convergent,1
scramble,1
difficult,1
idiom,1
unite,1
coulomb,1
contaminant,1
disorder,1
secretary,1
volatile,1
straight,1
mortality,1
basque,1
thermodynamic,1
adaptable,1
tester,1
retrograde,1
serialization,1
threesome,1
degenerate,1
love,1
canonization,1
crib,1
delegate,1
mediate,1
broaden,1
environmental,1
quest,1
eat,1
habit,1
foursquare,1
resolve,1
splice,1
persistence,1
fur,1
kinetic,1
drain,1
macroscopic,1
dog,1
fail,1
amp,1
liquid,1
polyglot,1
remarkable,1
icon,1
agriculture,1
thou,1
shall,1
rosin,1
today,1
fun,1
typography,1
autopilot,1
contextualization,1
rotate,1
polish,1
sponge,1
throughout,1
ceremony,1
gas,1
drill,1
investment,1
stranger,1
main,1
idealize,1
auditory,1
quadruped,1
able,1
optimistic,1
fear,1
ridge,1
employment,1
manager,1
administrator,1
director,1
expense,1
sap,1
planner,1
setup,1
coworker,1
intercept,1
absence,1
genie,1
hydrodynamic,1
ornament,1
ellipsoidal,1
manipulator,1
secant,1
another,1
oligopoly,1
posterior,1
rancor,1
ski,1
rental,1
concave,1
notation,1
advert,1
inflexible,1
partnership,1
fixation,1
elevation,1
loopy,1
grind,1
initiative,1
tidal,1
tsunami,1
divisible,1
planetary,1
rover,1
clinic,1
equalizer,1
vibration,1
robin,1
communicable,1
thyroid,1
negotiation,1
imply,1
radiation,1
slit,1
irradiation,1
mere,1
mortal,1
obvious,1
chess,1
appendix,1
cylinder,1
hessian,1
byzantine,1
flaw,1
inclusive,1
debit,1
lecturer,1
polytechnic,1
separator,1
irregular,1
arithmetical,1
slip,1
cope,1
reserve,1
interfere,1
bot,1
dictatorship,1
ignorance,1
roman,1
operate,1
carrier,1
coronary,1
artery,1
slow,1
monster,1
desirable,1
trendy,1
impression,1
ambience,1
catalog,1
leakage,1
concise,1
jeopardy,1
textual,1
magnitude,1
shop,1
repot,1
truncation,1
allow,1
unroll,1
conduct,1
neurological,1
lifespan,1
curiosity,1
bat,1
plasticity,1
distal,1
remember,1
verbal,1
eminence,1
scrutinize,1
expertise,1
collapse,1
unrestricted,1
nonrigid,1
cloth,1
sampler,1
redistrict,1
nominal,1
shed,1
exam,1
emphasis,1
memento,1
warn,1
peanut,1
garden,1
vessel,1
annual,1
atomic,1
bug,1
eyewitness,1
activation,1
fuel,1
ration,1
committee,1
eavesdropper,1
stress,1
apparent,1
candy,1
crush,1
excuse,1
courteous,1
theatergoer,1
scalp,1
dipole,1
economy,1
blue,1
cybernetic,1
interchangeable,1
resonator,1
tourist,1
consecutive,1
overwhelm,1
recherche,1
biped,1
gestural,1
straightforward,1
bibliography,1
police,1
biotechnology,1
sh,1
locus,1
cumulative,1
tessellation,1
tissue,1
lag,1
plantation,1
tractor,1
bifurcation,1
cockpit,1
ordnance,1
press,1
exist,1
unilateral,1
annals,1
million,1
pipe,1
homeland,1
alteration,1
subversive,1
withhold,1
proton,1
regulatory,1
fly,1
insect,1
inexpensive,1
custom,1
expandable,1
baseline,1
funnel,1
excess,1
recurrence,1
actual,1
corruption,1
misalignment,1
dispatch,1
zigzag,1
kingdom,1
tam,1
taper,1
orienteering,1
appraisal,1
proactive,1
complaint,1
optimism,1
sensible,1
flowchart,1
precise,1
stratify,1
gallery,1
unstructured,1
encapsulate,1
fulfillment,1
papaya,1
archaeological,1
loose,1
spend,1
mat,1
pod,1
gel,1
impatient,1
octagonal,1
canceler,1
rock,1
mar,1
archetype,1
purpose,1
engage,1
readout,1
sapphire,1
intend,1
arsenal,1
arm,1
seven,1
automobile,1
hatch,1
powder,1
bed,1
sharp,1
subdivision,1
humanitarian,1
codify,1
autonomy,1
conveyor,1
bully,1
infinity,1
facilitation,1
denial,1
recede,1
diffraction,1
dream,1
cohesion,1
crash,1
topical,1
favorable,1
inclusion,1
maturation,1
melt,1
magnetic,1
resonance,1
barrier,1
certificate,1
heed,1
mindful,1
absorption,1
hurricane,1
sandy,1
materialize,1
decompression,1
enrich,1
dune,1
vesicle,1
workbench,1
think,1
subjective,1
acceleration,1
quad,1
compliance,1
ultra,1
dissolution,1
attraction,1
regional,1
opaque,1
hold,1
unveil,1
pad,1
trustee,1
ancestor,1
tomographic,1
spite,1
coarsen,1
truss,1
obstacle,1
discontinuity,1
glow,1
alphabetic,1
squeeze,1
superimpose,1
elastic,1
danger,1
relabel,1
audit,1
maturity,1
flux,1
conservation,1
unanticipated,1
exception,1
tucker,1
infarction,1
attractive,1
commander,1
obfuscation,1
evacuation,1
chaff,1
wheat,1
delete,1
overflow,1
deliver,1
climate,1
utterance,1
mart,1
telecommunication,1
freeform,1
memorable,1
fridge,1
rural,1
recreation,1
render,1
plural,1
banknote,1
usual,1
snippet,1
smash,1
reinforce,1
ensure,1
phoneme,1
gram,1
antipodal,1
sparkle,1
squid,1
pectoral,1
mammogram,1
certainty,1
participation,1
maintain,1
fluent,1
atelier,1
entail,1
upset,1
episode,1
require,1
shame,1
internalization,1
virtue,1
deregulate,1
seam,1
additional,1
crude,1
deposit,1
substation,1
tendency,1
fashion,1
vulnerable,1
skew,1
playlist,1
migration,1
traversal,1
survivable,1
teacher,1
institute,1
ambiguity,1
hashtag,1
despite,1
transshipment,1
foresight,1
creative,1
scaffold,1
stimulus,1
bicycle,1
restrain,1
hum,1
tangent,1
volunteer,1
interpersonal,1
ingredient,1
live,1
byte,1
customize,1
surround,1
participant,1
worldwide,1
aperture,1
farm,1
ease,1
leapfrog,1
hypermedia,1
every,1
comp,1
impairment,1
onboard,1
assemble,1
knot,1
imposition,1
democratic,1
analogical,1
dissimilarity,1